{
	"$schema": "./node_modules/@angular/cli/lib/config/schema.json",
	"project": {
		"name": "%TEMPLATE%"
	},
	"apps": [
		{
			"name": "%TEMPLATE%",
			"root": "src/%TEMPLATE%",
			"deployUrl": "modules/%TEMPLATE%/",
			"outDir": "../resources/META-INF/resources/modules/%TEMPLATE%",
			"assets": [],
			"index": "index.html",
			"main": "main.ts",
			"polyfills": "../polyfills.ts",
			"tsconfig": "../tsconfig.app.json",
			"prefix": "%TEMPLATE%",
			"styles": [
				"../../node_modules/@covalent/core/common/platform.scss",
				"../theme.scss"
			],
			"scripts": [],
			"environmentSource": "../environments/environment.ts",
			"environments": {
				"dev": "../environments/environment.ts",
				"prod": "../environments/environment.prod.ts"
			}
		}
	],
	"defaults": {
		"styleExt": "css",
		"component": {
			"spec": false
		}
	}
}
